{"-34.22331_172.44923": {"wet": 5.0, "dry": 306.0}, "-34.334946_171.93942": {"wet": 5.0, "dry": 304.0}, "-35.87448_175.21748": {"wet": 6.0, "dry": 306.0}, "-36.174114_175.88469": {"wet": 6.0, "dry": 306.0}, "-36.29676_175.37044": {"wet": 5.0, "dry": 318.0}, "-36.41778_174.85478": {"wet": 5.0, "dry": 322.0}, "-36.537167_174.33774": {"wet": 4.0, "dry": 327.0}, "-36.840355_175.00758": {"wet": 4.0, "dry": 328.0}, "-36.960224_174.48868": {"wet": 4.0, "dry": 324.0}, "-37.31253_176.87735": {"wet": 6.0, "dry": 316.0}, "-37.438274_176.35915": {"wet": 4.0, "dry": 331.0}, "-37.475693_178.07631": {"wet": 5.0, "dry": 320.0}, "-37.5624_175.83945": {"wet": 4.0, "dry": 331.0}, "-37.605137_177.55934": {"wet": 5.0, "dry": 321.0}, "-37.732986_177.04085": {"wet": 4.0, "dry": 331.0}, "-37.859238_176.52084": {"wet": 4.0, "dry": 332.0}, "-37.983864_175.99931": {"wet": 5.0, "dry": 324.0}, "-38.024857_177.7265": {"wet": 6.0, "dry": 320.0}, "-38.153214_177.20622": {"wet": 4.0, "dry": 332.0}, "-38.279972_176.6844": {"wet": 4.0, "dry": 333.0}, "-38.826126_176.32466": {"wet": 6.0, "dry": 320.0}, "-42.08481_174.0931": {"wet": 5.0, "dry": 310.0}, "-42.201706_173.54442": {"wet": 4.0, "dry": 330.0}, "-42.430183_172.44199": {"wet": 11.0, "dry": 288.0}, "-42.62474_173.70831": {"wet": 7.0, "dry": 310.0}, "-42.7404_173.15573": {"wet": 5.0, "dry": 318.0}, "-42.854263_172.60143": {"wet": 5.0, "dry": 319.0}, "-42.966324_172.04544": {"wet": 8.0, "dry": 299.0}, "-43.076557_171.48778": {"wet": 8.0, "dry": 307.0}, "-43.16373_173.31963": {"wet": 4.0, "dry": 325.0}, "-43.278122_172.76308": {"wet": 3.0, "dry": 333.0}, "-43.3907_172.20479": {"wet": 5.0, "dry": 320.0}, "-43.501457_171.64478": {"wet": 6.0, "dry": 314.0}, "-43.61037_171.08305": {"wet": 7.0, "dry": 307.0}, "-43.701748_172.92699": {"wet": 4.0, "dry": 327.0}, "-43.717434_170.51964": {"wet": 11.0, "dry": 292.0}, "-43.814857_172.36636": {"wet": 3.0, "dry": 335.0}, "-43.822613_169.95453": {"wet": 9.0, "dry": 305.0}, "-43.92614_171.80402": {"wet": 3.0, "dry": 333.0}, "-44.035572_171.23991": {"wet": 4.0, "dry": 323.0}, "-44.125137_173.09323": {"wet": 5.0, "dry": 317.0}, "-44.143147_170.67406": {"wet": 6.0, "dry": 315.0}, "-44.24884_170.10648": {"wet": 6.0, "dry": 312.0}, "-44.46056_171.399": {"wet": 4.0, "dry": 323.0}, "-44.568653_170.8307": {"wet": 3.0, "dry": 333.0}, "-44.674866_170.26064": {"wet": 5.0, "dry": 319.0}, "-37.763367_178.76239": {"wet": 6.0, "dry": 314.0}, "-37.894897_178.24522": {"wet": 5.0, "dry": 327.0}, "-38.313854_178.41609": {"wet": 5.0, "dry": 315.0}, "-38.44433_177.89558": {"wet": 4.0, "dry": 330.0}, "-38.573208_177.37352": {"wet": 5.0, "dry": 323.0}, "-38.86356_178.06665": {"wet": 5.0, "dry": 316.0}, "-38.700478_176.84988": {"wet": 6.0, "dry": 316.0}, "-38.992958_177.54279": {"wet": 3.0, "dry": 330.0}, "-39.12075_177.0173": {"wet": 2.0, "dry": 337.0}, "-39.246914_176.49023": {"wet": 3.0, "dry": 331.0}, "-39.282536_178.23975": {"wet": 7.0, "dry": 305.0}, "-39.412468_177.71407": {"wet": 7.0, "dry": 306.0}, "-39.540783_177.18674": {"wet": 5.0, "dry": 318.0}, "-39.66746_176.65779": {"wet": 2.0, "dry": 334.0}, "-39.96056_177.35825": {"wet": 6.0, "dry": 307.0}, "-40.087772_176.8274": {"wet": 5.0, "dry": 317.0}, "-38.650448_175.10971": {"wet": 5.0, "dry": 322.0}, "-39.072483_175.26955": {"wet": 6.0, "dry": 319.0}, "-39.19317_174.73964": {"wet": 6.0, "dry": 316.0}, "-39.371437_175.96153": {"wet": 9.0, "dry": 300.0}, "-39.4943_175.43127": {"wet": 7.0, "dry": 310.0}, "-39.792507_176.1272": {"wet": 5.0, "dry": 317.0}, "-39.915886_175.595": {"wet": 6.0, "dry": 305.0}, "-40.037598_175.06117": {"wet": 4.0, "dry": 323.0}, "-40.21334_176.29489": {"wet": 4.0, "dry": 325.0}, "-40.33724_175.76074": {"wet": 4.0, "dry": 323.0}, "-40.45947_175.22495": {"wet": 4.0, "dry": 328.0}, "-40.633926_176.46468": {"wet": 4.0, "dry": 321.0}, "-40.758358_175.92856": {"wet": 4.0, "dry": 324.0}, "-40.698814_174.14847": {"wet": 5.0, "dry": 319.0}, "-40.815903_173.6078": {"wet": 5.0, "dry": 327.0}, "-41.12149_174.31024": {"wet": 4.0, "dry": 325.0}, "-41.239094_173.76747": {"wet": 5.0, "dry": 326.0}, "-41.54394_174.47408": {"wet": 4.0, "dry": 323.0}, "-41.662067_173.92921": {"wet": 3.0, "dry": 326.0}, "-41.778442_173.38269": {"wet": 5.0, "dry": 326.0}, "-42.31684_172.99403": {"wet": 7.0, "dry": 307.0}, "-41.35495_173.22311": {"wet": 4.0, "dry": 333.0}, "-34.11001_172.95784": {"wet": 5.0, "dry": 306.0}, "-34.534576_173.09769": {"wet": 5.0, "dry": 314.0}, "-34.648323_172.58727": {"wet": 6.0, "dry": 304.0}, "-34.84312_173.75003": {"wet": 4.0, "dry": 330.0}, "-34.958977_173.23901": {"wet": 4.0, "dry": 329.0}, "-35.148937_174.40617": {"wet": 5.0, "dry": 320.0}, "-35.2669_173.89462": {"wet": 4.0, "dry": 329.0}, "-35.38322_173.38177": {"wet": 5.0, "dry": 323.0}, "-35.452003_175.06615": {"wet": 6.0, "dry": 307.0}, "-35.57207_174.55412": {"wet": 4.0, "dry": 322.0}, "-35.690502_174.04076": {"wet": 4.0, "dry": 326.0}, "-35.80729_173.52605": {"wet": 6.0, "dry": 310.0}, "-35.995018_174.70364": {"wet": 5.0, "dry": 322.0}, "-36.113926_174.18846": {"wet": 4.0, "dry": 329.0}, "-36.23119_173.67189": {"wet": 7.0, "dry": 302.0}, "-44.352634_169.53723": {"wet": 11.0, "dry": 290.0}, "-44.454514_168.96632": {"wet": 11.0, "dry": 296.0}, "-44.55447_168.39377": {"wet": 11.0, "dry": 298.0}, "-44.77917_169.68886": {"wet": 6.0, "dry": 313.0}, "-44.881557_169.11537": {"wet": 6.0, "dry": 307.0}, "-44.98201_168.54022": {"wet": 11.0, "dry": 289.0}, "-44.993942_170.98967": {"wet": 3.0, "dry": 325.0}, "-45.100674_170.41708": {"wet": 4.0, "dry": 325.0}, "-45.205498_169.84276": {"wet": 4.0, "dry": 327.0}, "-45.3084_169.2667": {"wet": 6.0, "dry": 313.0}, "-45.419003_171.151": {"wet": 4.0, "dry": 318.0}, "-45.526264_170.5759": {"wet": 3.0, "dry": 333.0}, "-45.631615_169.99898": {"wet": 6.0, "dry": 311.0}, "-45.73503_169.42027": {"wet": 7.0, "dry": 304.0}, "-45.951633_170.7371": {"wet": 5.0, "dry": 313.0}, "-46.057518_170.15758": {"wet": 4.0, "dry": 317.0}, "-46.16146_169.57623": {"wet": 5.0, "dry": 317.0}, "-46.58768_169.73462": {"wet": 8.0, "dry": 296.0}, "-44.22428_167.67783": {"wet": 12.0, "dry": 284.0}, "-44.652485_167.81955": {"wet": 11.0, "dry": 294.0}, "-44.74854_167.24373": {"wet": 17.0, "dry": 261.0}, "-45.08052_167.96336": {"wet": 12.0, "dry": 289.0}, "-45.177055_167.38486": {"wet": 12.0, "dry": 291.0}, "-45.271618_166.80473": {"wet": 18.0, "dry": 252.0}, "-45.40936_168.68889": {"wet": 9.0, "dry": 298.0}, "-45.50836_168.10938": {"wet": 8.0, "dry": 298.0}, "-45.605396_167.52815": {"wet": 9.0, "dry": 300.0}, "-45.70044_166.9453": {"wet": 15.0, "dry": 278.0}, "-45.793488_166.36075": {"wet": 21.0, "dry": 239.0}, "-45.836506_168.83981": {"wet": 7.0, "dry": 304.0}, "-45.936016_168.2576": {"wet": 5.0, "dry": 309.0}, "-46.033554_167.67365": {"wet": 5.0, "dry": 305.0}, "-46.129093_167.08798": {"wet": 13.0, "dry": 277.0}, "-46.222622_166.50067": {"wet": 22.0, "dry": 232.0}, "-46.263454_168.99309": {"wet": 7.0, "dry": 307.0}, "-46.363483_168.40814": {"wet": 5.0, "dry": 315.0}, "-46.46152_167.82141": {"wet": 9.0, "dry": 294.0}, "-46.557556_167.23296": {"wet": 15.0, "dry": 260.0}, "-46.65158_166.64278": {"wet": 15.0, "dry": 253.0}, "-46.690197_169.14874": {"wet": 9.0, "dry": 292.0}, "-46.79075_168.56104": {"wet": 9.0, "dry": 292.0}, "-46.8893_167.97151": {"wet": 9.0, "dry": 294.0}, "-46.985844_167.38022": {"wet": 14.0, "dry": 263.0}, "-47.316875_168.12402": {"wet": 12.0, "dry": 272.0}, "-47.413937_167.52986": {"wet": 15.0, "dry": 260.0}, "-38.77063_174.58176": {"wet": 6.0, "dry": 320.0}, "-38.889126_174.05232": {"wet": 8.0, "dry": 306.0}, "-39.005924_173.52135": {"wet": 8.0, "dry": 297.0}, "-39.312164_174.2082": {"wet": 6.0, "dry": 314.0}, "-39.429455_173.67528": {"wet": 7.0, "dry": 302.0}, "-39.615494_174.89943": {"wet": 7.0, "dry": 306.0}, "-39.734993_174.36601": {"wet": 4.0, "dry": 324.0}, "-40.507336_172.91003": {"wet": 7.0, "dry": 313.0}, "-40.62042_172.36833": {"wet": 9.0, "dry": 297.0}, "-40.93125_173.06557": {"wet": 4.0, "dry": 329.0}, "-41.04484_172.52171": {"wet": 8.0, "dry": 311.0},