{"-34.22331_172.44923": {"wet": 5.0, "dry": 314.0}, "-34.33495_171.9394": {"wet": 5.0, "dry": 313.0}, "-35.874477_175.2175": {"wet": 6.0, "dry": 307.0}, "-36.17411_175.88469": {"wet": 6.0, "dry": 307.0}, "-36.29676_175.37044": {"wet": 5.0, "dry": 323.0}, "-36.41778_174.85478": {"wet": 4.0, "dry": 326.0}, "-36.537167_174.33774": {"wet": 4.0, "dry": 329.0}, "-36.84036_175.00757": {"wet": 4.0, "dry": 330.0}, "-36.960224_174.48868": {"wet": 4.0, "dry": 326.0}, "-37.31253_176.87735": {"wet": 5.0, "dry": 317.0}, "-37.438274_176.35913": {"wet": 4.0, "dry": 332.0}, "-37.475693_178.07631": {"wet": 5.0, "dry": 325.0}, "-37.5624_175.83945": {"wet": 4.0, "dry": 331.0}, "-37.605133_177.55936": {"wet": 5.0, "dry": 324.0}, "-37.73299_177.04085": {"wet": 4.0, "dry": 332.0}, "-37.859238_176.52084": {"wet": 4.0, "dry": 331.0}, "-37.983864_175.99933": {"wet": 5.0, "dry": 325.0}, "-38.024853_177.72652": {"wet": 6.0, "dry": 321.0}, "-38.153214_177.20624": {"wet": 4.0, "dry": 332.0}, "-38.279972_176.68442": {"wet": 4.0, "dry": 333.0}, "-38.826126_176.32466": {"wet": 6.0, "dry": 320.0}, "-42.084805_174.0931": {"wet": 4.0, "dry": 317.0}, "-42.201702_173.54442": {"wet": 4.0, "dry": 330.0}, "-42.43018_172.44199": {"wet": 12.0, "dry": 282.0}, "-42.62474_173.70831": {"wet": 6.0, "dry": 312.0}, "-42.740402_173.15573": {"wet": 5.0, "dry": 319.0}, "-42.85426_172.60146": {"wet": 5.0, "dry": 319.0}, "-42.96632_172.04546": {"wet": 9.0, "dry": 294.0}, "-43.076557_171.48778": {"wet": 9.0, "dry": 305.0}, "-43.163727_173.31964": {"wet": 4.0, "dry": 327.0}, "-43.27812_172.76309": {"wet": 2.0, "dry": 334.0}, "-43.3907_172.20479": {"wet": 5.0, "dry": 322.0}, "-43.501457_171.64478": {"wet": 5.0, "dry": 316.0}, "-43.61037_171.08305": {"wet": 7.0, "dry": 306.0}, "-43.701748_172.927": {"wet": 4.0, "dry": 328.0}, "-43.71743_170.51965": {"wet": 12.0, "dry": 289.0}, "-43.814857_172.36638": {"wet": 3.0, "dry": 335.0}, "-43.822613_169.95454": {"wet": 9.0, "dry": 301.0}, "-43.92614_171.80403": {"wet": 3.0, "dry": 334.0}, "-44.03558_171.2399": {"wet": 4.0, "dry": 325.0}, "-44.125134_173.09325": {"wet": 5.0, "dry": 319.0}, "-44.143147_170.67406": {"wet": 6.0, "dry": 316.0}, "-44.24884_170.10649": {"wet": 7.0, "dry": 310.0}, "-44.46056_171.399": {"wet": 3.0, "dry": 328.0}, "-44.56865_170.83072": {"wet": 3.0, "dry": 334.0}, "-44.674866_170.26065": {"wet": 5.0, "dry": 318.0}, "-37.763367_178.76239": {"wet": 5.0, "dry": 322.0}, "-37.894894_178.24524": {"wet": 5.0, "dry": 327.0}, "-38.313854_178.41608": {"wet": 4.0, "dry": 323.0}, "-38.444324_177.89561": {"wet": 4.0, "dry": 330.0}, "-38.573208_177.37352": {"wet": 5.0, "dry": 323.0}, "-38.86356_178.06667": {"wet": 4.0, "dry": 322.0}, "-38.700478_176.84988": {"wet": 6.0, "dry": 317.0}, "-38.992958_177.54279": {"wet": 3.0, "dry": 332.0}, "-39.12075_177.0173": {"wet": 2.0, "dry": 337.0}, "-39.246918_176.49022": {"wet": 4.0, "dry": 330.0}, "-39.28253_178.23978": {"wet": 7.0, "dry": 305.0}, "-39.412468_177.71407": {"wet": 7.0, "dry": 307.0}, "-39.540783_177.18674": {"wet": 4.0, "dry": 322.0}, "-39.667465_176.65779": {"wet": 2.0, "dry": 338.0}, "-39.960556_177.35825": {"wet": 7.0, "dry": 304.0}, "-40.087772_176.8274": {"wet": 5.0, "dry": 320.0}, "-38.650448_175.10973": {"wet": 5.0, "dry": 323.0}, "-39.072487_175.26955": {"wet": 6.0, "dry": 319.0}, "-39.19317_174.73962": {"wet": 6.0, "dry": 318.0}, "-39.371437_175.96155": {"wet": 9.0, "dry": 299.0}, "-39.4943_175.43127": {"wet": 8.0, "dry": 308.0}, "-39.792507_176.1272": {"wet": 5.0, "dry": 316.0}, "-39.915886_175.595": {"wet": 6.0, "dry": 302.0}, "-40.037598_175.06117": {"wet": 4.0, "dry": 323.0}, "-40.213333_176.2949": {"wet": 4.0, "dry": 327.0}, "-40.33724_175.76074": {"wet": 5.0, "dry": 322.0}, "-40.459465_175.22495": {"wet": 4.0, "dry": 327.0}, "-40.633926_176.46469": {"wet": 4.0, "dry": 326.0}, "-40.758358_175.92857": {"wet": 5.0, "dry": 323.0}, "-40.698814_174.14847": {"wet": 5.0, "dry": 321.0}, "-40.8159_173.60782": {"wet": 5.0, "dry": 328.0}, "-41.121494_174.31021": {"wet": 4.0, "dry": 328.0}, "-41.239094_173.76749": {"wet": 5.0, "dry": 327.0}, "-41.543945_174.47406": {"wet": 4.0, "dry": 327.0}, "-41.66207_173.92921": {"wet": 3.0, "dry": 330.0}, "-41.778442_173.38269": {"wet": 5.0, "dry": 325.0}, "-42.316837_172.99403": {"wet": 7.0, "dry": 300.0}, "-41.354958_173.2231": {"wet": 4.0, "dry": 333.0}, "-34.11001_172.95784": {"wet": 5.0, "dry": 311.0}, "-34.53457_173.0977": {"wet": 4.0, "dry": 326.0}, "-34.648323_172.58727": {"wet": 5.0, "dry": 313.0}, "-34.84312_173.75003": {"wet": 3.0, "dry": 334.0}, "-34.958984_173.239": {"wet": 4.0, "dry": 330.0}, "-35.148937_174.40617": {"wet": 4.0, "dry": 327.0}, "-35.2669_173.89462": {"wet": 4.0, "dry": 330.0}, "-35.38322_173.38177": {"wet": 4.0, "dry": 326.0}, "-35.452_175.06616": {"wet": 6.0, "dry": 307.0}, "-35.572067_174.55414": {"wet": 4.0, "dry": 327.0}, "-35.690502_174.04076": {"wet": 4.0, "dry": 327.0}, "-35.80729_173.52605": {"wet": 4.0, "dry": 319.0}, "-35.995018_174.70364": {"wet": 4.0, "dry": 326.0}, "-36.113926_174.18846": {"wet": 4.0, "dry": 329.0}, "-36.23119_173.67189": {"wet": 6.0, "dry": 309.0}, "-44.352634_169.53725": {"wet": 12.0, "dry": 286.0}, "-44.45452_168.96631": {"wet": 12.0, "dry": 293.0}, "-44.554474_168.39374": {"wet": 12.0, "dry": 294.0}, "-44.779167_169.68887": {"wet": 6.0, "dry": 310.0}, "-44.881557_169.11537": {"wet": 7.0, "dry": 304.0}, "-44.98201_168.54022": {"wet": 12.0, "dry": 283.0}, "-44.99394_170.98967": {"wet": 2.0, "dry": 330.0}, "-45.10067_170.4171": {"wet": 4.0, "dry": 325.0}, "-45.205494_169.84276": {"wet": 4.0, "dry": 327.0}, "-45.3084_169.26668": {"wet": 6.0, "dry": 311.0}, "-45.419006_171.151": {"wet": 4.0, "dry": 324.0}, "-45.52627_170.5759": {"wet": 3.0, "dry": 333.0}, "-45.631615_169.99898": {"wet": 6.0, "dry": 311.0}, "-45.73504_169.42027": {"wet": 8.0, "dry": 301.0}, "-45.95164_170.73709": {"wet": 5.0, "dry": 316.0}, "-46.057518_170.15758": {"wet": 4.0, "dry": 319.0}, "-46.16146_169.57623": {"wet": 5.0, "dry": 316.0}, "-46.587677_169.73463": {"wet": 8.0, "dry": 297.0}, "-44.22428_167.67783": {"wet": 12.0, "dry": 286.0}, "-44.65249_167.81955": {"wet": 12.0, "dry": 290.0}, "-44.748547_167.24371": {"wet": 18.0, "dry": 258.0}, "-45.08052_167.96336": {"wet": 13.0, "dry": 284.0}, "-45.17706_167.38486": {"wet": 13.0, "dry": 287.0}, "-45.271618_166.80473": {"wet": 18.0, "dry": 250.0}, "-45.409363_168.68887": {"wet": 9.0, "dry": 294.0}, "-45.50836_168.10938": {"wet": 9.0, "dry": 296.0}, "-45.6054_167.52815": {"wet": 10.0, "dry": 297.0}, "-45.700443_166.94528": {"wet": 16.0, "dry": 274.0}, "-45.793484_166.36078": {"wet": 21.0, "dry": 237.0}, "-45.836514_168.83981": {"wet": 7.0, "dry": 302.0}, "-45.93602_168.2576": {"wet": 5.0, "dry": 309.0}, "-46.033554_167.67366": {"wet": 6.0, "dry": 308.0}, "-46.129093_167.08801": {"wet": 13.0, "dry": 278.0}, "-46.222626_166.50066": {"wet": 21.0, "dry": 232.0}, "-46.263462_168.99306": {"wet": 7.0, "dry": 306.0}, "-46.363483_168.40814": {"wet": 5.0, "dry": 314.0}, "-46.46152_167.82143": {"wet": 9.0, "dry": 294.0}, "-46.557564_167.23296": {"wet": 15.0, "dry": 261.0}, "-46.651585_166.64278": {"wet": 15.0, "dry": 251.0}, "-46.690197_169.14874": {"wet": 9.0, "dry": 292.0}, "-46.79074_168.56104": {"wet": 8.0, "dry": 294.0}, "-46.8893_167.97151": {"wet": 9.0, "dry": 294.0}, "-46.985844_167.38022": {"wet": 15.0, "dry": 263.0}, "-47.31688_168.12404": {"wet": 12.0, "dry": 275.0}, "-47.413937_167.52988": {"wet": 15.0, "dry": 259.0}, "-38.770638_174.58176": {"wet": 5.0, "dry": 322.0}, "-38.889126_174.0523": {"wet": 6.0, "dry": 312.0}, "-39.005928_173.52135": {"wet": 7.0, "dry": 302.0}, "-39.312164_174.2082": {"wet": 6.0, "dry": 317.0}, "-39.429462_173.67525": {"wet": 6.0, "dry": 310.0}, "-39.615498_174.89941": {"wet": 6.0, "dry": 310.0}, "-39.734993_174.36601": {"wet": 4.0, "dry": 325.0}, "-40.507336_172.91003": {"wet": 6.0, "dry": 315.0}, "-40.620422_172.36833": {"wet": 8.0, "dry": 301.0}, "-40.931248_173.06558": {"wet": 4.0, "dry": 330.0}, "-41.044838_172.52173": {"wet": 8.0, "dry": 310.0},